[
	{
		"name":"Hardware Repair",
		"description":"Lorem ipsum dolor sit amet, consectetur adipiscing elit. Maecenas a mollis est, sed dapibus neque. Vestibulum ante ipsum primis in faucibus orci luctus et ultrices posuere cubilia Curae",
		"price_range":"$100 - $200"
	},
	{
		"name":"Virus Removal",
		"description":"Consectetur adipiscing elit. Maecenas a mollis est, sed dapibus neque. Vestibulum ante ipsum primis in faucibus orci luctus et ultrices posuere cubilia Curae",
		"price_range":"$100 - $150"
	},
	{
		"name":"Pc Tune Up",
		"description":"Adipiscing elit. Maecenas a mollis est, sed dapibus neque. Vestibulum ante ipsum primis in faucibus orci luctus et ultrices posuere cubilia Curae",
		"price_range":"$75 - $100"
	},
	{
		"name":"Network Services",
		"description":"Sed dapibus neque. Vestibulum ante ipsum primis in faucibus orci luctus et ultrices posuere cubilia Curae",
		"price_range":"$500 - $1000"
	}
]
